Nome da rua;Freguesia;Código
Acesso a propriedade agrícola/florestal;ALDEIA DE SÃO FRANCISCO DE ASSIS;1
Acesso a propriedade privada agrícola/florestal;ALDEIA DE SÃO FRANCISCO DE ASSIS;2
Acesso às minas;ALDEIA DE SÃO FRANCISCO DE ASSIS;3
Avenida 25 de Abril;ALDEIA DE SÃO FRANCISCO DE ASSIS;4
Bairro dos Maquinistas;ALDEIA DE SÃO FRANCISCO DE ASSIS;5
Caminho de Santa Barbara;ALDEIA DE SÃO FRANCISCO DE ASSIS;6
CM 1374;ALDEIA DE SÃO FRANCISCO DE ASSIS;7
Estrada Municipal 1374;ALDEIA DE SÃO FRANCISCO DE ASSIS;8
Estrada Municipal 512;ALDEIA DE SÃO FRANCISCO DE ASSIS;9
Estrada Municipal 512-1;ALDEIA DE SÃO FRANCISCO DE ASSIS;10
Praceta Doutor Manuel Viegas;ALDEIA DE SÃO FRANCISCO DE ASSIS;11
Rampa do Cristo Operário;ALDEIA DE SÃO FRANCISCO DE ASSIS;12
Rua da Avesseira;ALDEIA DE SÃO FRANCISCO DE ASSIS;13
Rua da Barroquinha;ALDEIA DE SÃO FRANCISCO DE ASSIS;14
Rua da Casa da Vinha;ALDEIA DE SÃO FRANCISCO DE ASSIS;15
Rua da Eira;ALDEIA DE SÃO FRANCISCO DE ASSIS;16
Rua da Galiza;ALDEIA DE SÃO FRANCISCO DE ASSIS;17
Rua da Lomba;ALDEIA DE SÃO FRANCISCO DE ASSIS;18
Rua da Malhada;ALDEIA DE SÃO FRANCISCO DE ASSIS;19
Rua da Ribeira;ALDEIA DE SÃO FRANCISCO DE ASSIS;20
Rua Director George Smith;ALDEIA DE SÃO FRANCISCO DE ASSIS;21
Rua Direita;ALDEIA DE SÃO FRANCISCO DE ASSIS;22
Rua do Barraco;ALDEIA DE SÃO FRANCISCO DE ASSIS;23
Rua do Casarão;ALDEIA DE SÃO FRANCISCO DE ASSIS;24
Rua do Clube Desportivo;ALDEIA DE SÃO FRANCISCO DE ASSIS;25
Rua do Penedo;ALDEIA DE SÃO FRANCISCO DE ASSIS;26
Rua do Quebra Costa;ALDEIA DE SÃO FRANCISCO DE ASSIS;27
Rua do Sodinho;ALDEIA DE SÃO FRANCISCO DE ASSIS;28
Rua dos Capatazes;ALDEIA DE SÃO FRANCISCO DE ASSIS;29
Rua dos Engenheiros;ALDEIA DE SÃO FRANCISCO DE ASSIS;30
Rua dos Mineiros;ALDEIA DE SÃO FRANCISCO DE ASSIS;31
Rua dos Vigilantes;ALDEIA DE SÃO FRANCISCO DE ASSIS;32
Rua Engenheiro António Cláudio dos Reis;ALDEIA DE SÃO FRANCISCO DE ASSIS;33
Rua Engenheiro Manuel Silva Daniel;ALDEIA DE SÃO FRANCISCO DE ASSIS;34
Rua Padre Manuel Vaz Leal;ALDEIA DE SÃO FRANCISCO DE ASSIS;35
Rua Sargento António Torgal;ALDEIA DE SÃO FRANCISCO DE ASSIS;36
Travessa da Galiza;ALDEIA DE SÃO FRANCISCO DE ASSIS;37
Travessa da Ribeira;ALDEIA DE SÃO FRANCISCO DE ASSIS;38
Travessa dos Ferristas;ALDEIA DE SÃO FRANCISCO DE ASSIS;39
Travessa dos Safreiros;ALDEIA DE SÃO FRANCISCO DE ASSIS;40
Acesso a propriedade agrícola/florestal;ALDEIA DO SOUTO E VALE FORMOSO;41
CM 1021;ALDEIA DO SOUTO E VALE FORMOSO;42
Estrada Nacional 18;ALDEIA DO SOUTO E VALE FORMOSO;43
Estrada Nacional 232;ALDEIA DO SOUTO E VALE FORMOSO;44
Largo Doutor Januário Barreto;ALDEIA DO SOUTO E VALE FORMOSO;45
Quelha da Fonte;ALDEIA DO SOUTO E VALE FORMOSO;46
Rua Cabeço da Fonte;ALDEIA DO SOUTO E VALE FORMOSO;47
Rua Carvalho Araújo;ALDEIA DO SOUTO E VALE FORMOSO;48
Rua Combatente Ludgero Carapito Gomes;ALDEIA DO SOUTO E VALE FORMOSO;49
Rua da Amoreira;ALDEIA DO SOUTO E VALE FORMOSO;50
Rua da Bica;ALDEIA DO SOUTO E VALE FORMOSO;51
Rua da Biquinha;ALDEIA DO SOUTO E VALE FORMOSO;52
Rua da Corte Nova;ALDEIA DO SOUTO E VALE FORMOSO;53
Rua da Cotovia;ALDEIA DO SOUTO E VALE FORMOSO;54
Rua da Escola;ALDEIA DO SOUTO E VALE FORMOSO;55
Rua da Laranjeira;ALDEIA DO SOUTO E VALE FORMOSO;56
Rua da Maria Janeira;ALDEIA DO SOUTO E VALE FORMOSO;57
Rua da Moitinha;ALDEIA DO SOUTO E VALE FORMOSO;58
Rua da Pedra Redonda;ALDEIA DO SOUTO E VALE FORMOSO;59
Rua da Pouca Farinha;ALDEIA DO SOUTO E VALE FORMOSO;60
Rua da Quatro Quinas;ALDEIA DO SOUTO E VALE FORMOSO;61
Rua da Quelha Publica;ALDEIA DO SOUTO E VALE FORMOSO;62
Rua da Quinta;ALDEIA DO SOUTO E VALE FORMOSO;63
Rua da Quinta Cimeira;ALDEIA DO SOUTO E VALE FORMOSO;64
Rua da Santa Ana;ALDEIA DO SOUTO E VALE FORMOSO;65
Rua de São Sebastião;ALDEIA DO SOUTO E VALE FORMOSO;66
Rua do Arco de São João;ALDEIA DO SOUTO E VALE FORMOSO;67
Rua do Cabecinho;ALDEIA DO SOUTO E VALE FORMOSO;68
Rua do Ferreiro;ALDEIA DO SOUTO E VALE FORMOSO;69
Rua do Forno;ALDEIA DO SOUTO E VALE FORMOSO;70
Rua do Iro;ALDEIA DO SOUTO E VALE FORMOSO;71
Rua do Limoeiro;ALDEIA DO SOUTO E VALE FORMOSO;72
Rua do Outeiro;ALDEIA DO SOUTO E VALE FORMOSO;73
Rua do Pinheiro;ALDEIA DO SOUTO E VALE FORMOSO;74
Rua do Quebra Costas;ALDEIA DO SOUTO E VALE FORMOSO;75
Rua do Relógio;ALDEIA DO SOUTO E VALE FORMOSO;76
Rua do Ribeiro;ALDEIA DO SOUTO E VALE FORMOSO;77
Rua do Rossio;ALDEIA DO SOUTO E VALE FORMOSO;78
Rua do Sardeiral;ALDEIA DO SOUTO E VALE FORMOSO;79
Rua do Terreiro;ALDEIA DO SOUTO E VALE FORMOSO;80
Rua do Vale;ALDEIA DO SOUTO E VALE FORMOSO;81
Rua Dr. José Alberto Mateus Marques;ALDEIA DO SOUTO E VALE FORMOSO;82
Rua Guerra Junqueiro;ALDEIA DO SOUTO E VALE FORMOSO;83
Rua Manuel Conde;ALDEIA DO SOUTO E VALE FORMOSO;84
Rua Primeiro de Dezembro;ALDEIA DO SOUTO E VALE FORMOSO;85
Rua Santa Madalena;ALDEIA DO SOUTO E VALE FORMOSO;86
Travessa da Laranjeira;ALDEIA DO SOUTO E VALE FORMOSO;87
Travessa da Maria Janeira;ALDEIA DO SOUTO E VALE FORMOSO;88
Travessa do Outeiro;ALDEIA DO SOUTO E VALE FORMOSO;89
Travessa do Pinheiro;ALDEIA DO SOUTO E VALE FORMOSO;90
Travessa do Sardeira;ALDEIA DO SOUTO E VALE FORMOSO;91
Travessa do Soutinho;ALDEIA DO SOUTO E VALE FORMOSO;92
Acesso a propriedade agrícola/florestal;BARCO E COUTADA;93
Avenida de São Sebastião;BARCO E COUTADA;94
Beco de São Sebastião;BARCO E COUTADA;95
Beco do Bairro Novo;BARCO E COUTADA;96
Beco Numero 1 da Rua do Torgal;BARCO E COUTADA;97
Beco Numero 2 da Rua do Torgal;BARCO E COUTADA;98
Beco Numero 3 da Rua do Torgal;BARCO E COUTADA;99
Estrada do Santuário;BARCO E COUTADA;100
Estrada Municipal 513;BARCO E COUTADA;101
Estrada Nacional 343;BARCO E COUTADA;102
Largo da Fontinha;BARCO E COUTADA;103
Largo da Igreja Velha;BARCO E COUTADA;104
Pátio da Fontinha;BARCO E COUTADA;105
Rua Alto da Volta;BARCO E COUTADA;106
Rua da Amoreira;BARCO E COUTADA;107
Rua da Capela;BARCO E COUTADA;108
Rua da Corredoura;BARCO E COUTADA;109
Rua da Cruz das Almas;BARCO E COUTADA;110
Rua da Eira;BARCO E COUTADA;111
Rua da Escola Nova;BARCO E COUTADA;112
Rua da Escola Velha;BARCO E COUTADA;113
Rua da Fonte Romana;BARCO E COUTADA;114
Rua da Igreja;BARCO E COUTADA;115
Rua da Independência;BARCO E COUTADA;116
Rua da Lameirinha;BARCO E COUTADA;117
Rua da Laranjeira;BARCO E COUTADA;118
Rua da Lomba;BARCO E COUTADA;119
Rua da Mina;BARCO E COUTADA;120
Rua da Panquinha;BARCO E COUTADA;121
Rua da Pedreira;BARCO E COUTADA;122
Rua da Valeira;BARCO E COUTADA;123
Rua da Vinha da Valsa;BARCO E COUTADA;124
Rua das Escolas;BARCO E COUTADA;125
Rua das Lapadas;BARCO E COUTADA;126
Rua das Sobreiras da Rainha;BARCO E COUTADA;127
Rua de São Sebastião;BARCO E COUTADA;128
Rua de São Simão;BARCO E COUTADA;129
Rua Direita;BARCO E COUTADA;130
Rua do Arrabalde;BARCO E COUTADA;131
Rua do Cabeço de Baixo;BARCO E COUTADA;132
Rua do Cabeço de Cima;BARCO E COUTADA;133
Rua do Calvário;BARCO E COUTADA;134
Rua do Carvalho da Iveca;BARCO E COUTADA;135
Rua do Casal;BARCO E COUTADA;136
Rua do Casão;BARCO E COUTADA;137
Rua do Cimo do Povo;BARCO E COUTADA;138
Rua do Courel;BARCO E COUTADA;139
Rua do Curral;BARCO E COUTADA;140
Rua do Ribeirinho;BARCO E COUTADA;141
Rua do Terreiro;BARCO E COUTADA;142
Rua do Torgal;BARCO E COUTADA;143
Rua do Vale;BARCO E COUTADA;144
Rua do Valinho;BARCO E COUTADA;145
Rua dos Sobreirais;BARCO E COUTADA;146
Rua Furriel António Reis Morais;BARCO E COUTADA;147
Rua Vale do Prado;BARCO E COUTADA;148
Transversal a Rua de São Simão;BARCO E COUTADA;149
Transversal da Rua da Corredoura;BARCO E COUTADA;150
Travessa da Capela;BARCO E COUTADA;151
Travessa da Fonte;BARCO E COUTADA;152
Travessa da Fontinha;BARCO E COUTADA;153
Travessa da Mina;BARCO E COUTADA;154
Travessa da Quelha;BARCO E COUTADA;155
Travessa das Escolas;BARCO E COUTADA;156
Travessa de São Sebastião;BARCO E COUTADA;157
Travessa do Forno;BARCO E COUTADA;158
Travessa do Terreiro do Forno;BARCO E COUTADA;159
Acesso a Estacionamento/ Garagens;BOIDOBRA;160
Acesso a propriedade agrícola/florestal;BOIDOBRA;161
Acesso A23;BOIDOBRA;162
Alameda Pêro da Covilhã;BOIDOBRA;163
Antiga Estrada Nacional 18;BOIDOBRA;164
Avenida Infante Dom Henrique;BOIDOBRA;165
Bairro da Boavista;BOIDOBRA;166
Bombas Galp;BOIDOBRA;167
Bombas Repsol;BOIDOBRA;168
Centro Hospitalar Cova da Beira;BOIDOBRA;169
Complexo Desportivo da Covilhã;BOIDOBRA;170
Covilhã Shopping/ McDonalds;BOIDOBRA;171
Data Center;BOIDOBRA;172
Eixo Teixoso-Covilhã-Tortosendo;BOIDOBRA;173
Estrada da Emissora;BOIDOBRA;174
Estrada Municipal 507;BOIDOBRA;175
Estrada Nacional 18;BOIDOBRA;176
Estrada Nacional 18 1495;BOIDOBRA;177
Estrada Nacional 230;BOIDOBRA;178
Estrada Nacional 506;BOIDOBRA;179
Estrada para o Carregal;BOIDOBRA;180
Faculdade de Ciências da Saúde;BOIDOBRA;181
Nó de acesso A23;BOIDOBRA;182
Parque de Estacionamento Quinta da Hera;BOIDOBRA;183
Ponte Pedrinha;BOIDOBRA;184
Rotunda Estrada Nacional 18-4;BOIDOBRA;185
Rua 20 de Maio;BOIDOBRA;186
Rua da Boavista;BOIDOBRA;187
Rua da Escola;BOIDOBRA;188
Rua da Nossa Senhora do Refugio;BOIDOBRA;189
Rua da Ponte Pedrinha;BOIDOBRA;190
Rua da Quinta do Sol;BOIDOBRA;191
Rua da Quinta Nova;BOIDOBRA;192
Rua da Senhora da Estrela;BOIDOBRA;193
Rua da Urbanização da Boavista;BOIDOBRA;194
Rua da Urbanização do Ribeiro Negro;BOIDOBRA;195
Rua da Urbanização Quinta da Alapada;BOIDOBRA;196
Rua das Cerzideiras;BOIDOBRA;197
Rua de S. André;BOIDOBRA;198
Rua Direita;BOIDOBRA;199
Rua do Bairro dos Caldeirões;BOIDOBRA;200
Rua do Bairro Novo;BOIDOBRA;201
Rua do Centro Paroquial;BOIDOBRA;202
Rua do Grupo Recreativo Refugiense;BOIDOBRA;203
Rua do Operário de Têxtil;BOIDOBRA;204
Rua do Património;BOIDOBRA;205
Rua do Pontão;BOIDOBRA;206
Rua do Rio Zêzere;BOIDOBRA;207
Rua do Saco;BOIDOBRA;208
Rua Francisco Leal;BOIDOBRA;209
Rua José Cardoso Pires;BOIDOBRA;210
Rua José Saramago;BOIDOBRA;211
Rua Quinta das Ferreiras;BOIDOBRA;212
Rua Zeca Afonso;BOIDOBRA;213
Saída Alameda Pêro da Covilhã;BOIDOBRA;214
Sitio dos Travessos;BOIDOBRA;215
Transversal 1 da Rua da Nossa Senhora do Refugio;BOIDOBRA;216
Transversal a Rua Conde José Calheiros;BOIDOBRA;217
Travessa do Bairro Novo;BOIDOBRA;218
Urbanização da Meirinha;BOIDOBRA;219
Urbanização Quinta Branca;BOIDOBRA;220
Urbanização Quinta do Polito;BOIDOBRA;221
Acesso a propriedade agrícola/florestal;CANTAR-GALO E VILA DO CARVALHO;222
Alameda João Paulo II;CANTAR-GALO E VILA DO CARVALHO;223
Avenida da Filarmónica Recreativa Carvalhense;CANTAR-GALO E VILA DO CARVALHO;224
Beco da Pressa;CANTAR-GALO E VILA DO CARVALHO;225
Beco da Quinta do Muro;CANTAR-GALO E VILA DO CARVALHO;226
Beco do Brazão;CANTAR-GALO E VILA DO CARVALHO;227
Beco do Canada;CANTAR-GALO E VILA DO CARVALHO;228
Beco do Romão;CANTAR-GALO E VILA DO CARVALHO;229
Estrada de Teixoso a Vila do Carvalho;CANTAR-GALO E VILA DO CARVALHO;230
Estrada do Canhoso;CANTAR-GALO E VILA DO CARVALHO;231
Estrada do Lameirão;CANTAR-GALO E VILA DO CARVALHO;232
Estrada do Sineiro;CANTAR-GALO E VILA DO CARVALHO;233
Estrada Municipal Vila do Carvalho Canhoso;CANTAR-GALO E VILA DO CARVALHO;234
Estrada Nacional 339;CANTAR-GALO E VILA DO CARVALHO;235
Largo Dr. Carlos Coelho;CANTAR-GALO E VILA DO CARVALHO;236
Rua Augusto Lopes Teixeira;CANTAR-GALO E VILA DO CARVALHO;237
Rua da Barreira;CANTAR-GALO E VILA DO CARVALHO;238
Rua da Barroca do Pio;CANTAR-GALO E VILA DO CARVALHO;239
Rua da Calva;CANTAR-GALO E VILA DO CARVALHO;240
Rua da Calva Mimosa;CANTAR-GALO E VILA DO CARVALHO;241
Rua da Carvoeira;CANTAR-GALO E VILA DO CARVALHO;242
Rua da Fonte;CANTAR-GALO E VILA DO CARVALHO;243
Rua da Freguesia;CANTAR-GALO E VILA DO CARVALHO;244
Rua da Industria;CANTAR-GALO E VILA DO CARVALHO;245
Rua da Junta de Freguesia;CANTAR-GALO E VILA DO CARVALHO;246
Rua da Lameira de Baixo;CANTAR-GALO E VILA DO CARVALHO;247
Rua da Liberdade;CANTAR-GALO E VILA DO CARVALHO;248
Rua da Mimosa;CANTAR-GALO E VILA DO CARVALHO;249
Rua da Tapada;CANTAR-GALO E VILA DO CARVALHO;250
Rua das Escolas;CANTAR-GALO E VILA DO CARVALHO;251
Rua das Flores;CANTAR-GALO E VILA DO CARVALHO;252
Rua das Palmeiras;CANTAR-GALO E VILA DO CARVALHO;253
Rua das Trapas;CANTAR-GALO E VILA DO CARVALHO;254
Rua de São Domingos;CANTAR-GALO E VILA DO CARVALHO;255
Rua Direita;CANTAR-GALO E VILA DO CARVALHO;256
Rua do Bairro da Formiguinha;CANTAR-GALO E VILA DO CARVALHO;257
Rua do Bairro dos Portais;CANTAR-GALO E VILA DO CARVALHO;258
Rua do Bairro Novo de São Domingos;CANTAR-GALO E VILA DO CARVALHO;259
Rua do Bairro Novo de São Domingos;CANTAR-GALO E VILA DO CARVALHO;260
Rua do Beco;CANTAR-GALO E VILA DO CARVALHO;261
Rua do Caneco;CANTAR-GALO E VILA DO CARVALHO;262
Rua do Castelo;CANTAR-GALO E VILA DO CARVALHO;263
Rua do Cruzeiro;CANTAR-GALO E VILA DO CARVALHO;264
Rua do Grupo;CANTAR-GALO E VILA DO CARVALHO;265
Rua do Meio;CANTAR-GALO E VILA DO CARVALHO;266
Rua do Pio;CANTAR-GALO E VILA DO CARVALHO;267
Rua do Ramal do Canhoso;CANTAR-GALO E VILA DO CARVALHO;268
Rua do Relvão;CANTAR-GALO E VILA DO CARVALHO;269
Rua do Sitio da Quinta da Formiguinha;CANTAR-GALO E VILA DO CARVALHO;270
Rua do Sitio Presa Monte;CANTAR-GALO E VILA DO CARVALHO;271
Rua do Unidos;CANTAR-GALO E VILA DO CARVALHO;272
Rua dos Alagoeiros;CANTAR-GALO E VILA DO CARVALHO;273
Rua dos Barreiros;CANTAR-GALO E VILA DO CARVALHO;274
Rua dos Campeões;CANTAR-GALO E VILA DO CARVALHO;275
Rua dos Portais;CANTAR-GALO E VILA DO CARVALHO;276
Rua Fernando Antunes;CANTAR-GALO E VILA DO CARVALHO;277
Rua Joaquim Farófia;CANTAR-GALO E VILA DO CARVALHO;278
Rua José Caetano Júnior;CANTAR-GALO E VILA DO CARVALHO;279
Rua José Pacheco;CANTAR-GALO E VILA DO CARVALHO;280
Rua Maria Rosa da Carvoeira;CANTAR-GALO E VILA DO CARVALHO;281
Rua Nova;CANTAR-GALO E VILA DO CARVALHO;282
Rua Nova Ribeiro da Relva;CANTAR-GALO E VILA DO CARVALHO;283
Rua Padre Parente;CANTAR-GALO E VILA DO CARVALHO;284
Rua Primeiro de Maio;CANTAR-GALO E VILA DO CARVALHO;285
Rua Professor Salcedas Pais;CANTAR-GALO E VILA DO CARVALHO;286
Rua Ribeira da Relva;CANTAR-GALO E VILA DO CARVALHO;287
Travessa das Mimosas;CANTAR-GALO E VILA DO CARVALHO;288
Travessa do Meio;CANTAR-GALO E VILA DO CARVALHO;289
Travessa dos Alagoeiros;CANTAR-GALO E VILA DO CARVALHO;290
Travessa dos Portais;CANTAR-GALO E VILA DO CARVALHO;291
Travessa Lameirão de Baixo;CANTAR-GALO E VILA DO CARVALHO;292
Travessa Lanofabril;CANTAR-GALO E VILA DO CARVALHO;293
Vale das Candeias;CANTAR-GALO E VILA DO CARVALHO;294
Acesso a propriedade agrícola/florestal;CASEGAS E OURONDO;295
Acesso ao Cemitério;CASEGAS E OURONDO;296
Bairro Chão da Leveda;CASEGAS E OURONDO;297
Beco da Carreira;CASEGAS E OURONDO;298
Beco do Carvalho;CASEGAS E OURONDO;299
Estrada de Casegas;CASEGAS E OURONDO;300
Estrada do Santuário de Nossa Senhora do Carmo;CASEGAS E OURONDO;301
Estrada Municipal 511;CASEGAS E OURONDO;302
Estrada Municipal 512;CASEGAS E OURONDO;303
Rua Chão do Moinho;CASEGAS E OURONDO;304
Rua da Amoreira;CASEGAS E OURONDO;305
Rua da Bajança;CASEGAS E OURONDO;306
Rua da Carreira;CASEGAS E OURONDO;307
Rua da Charangueira;CASEGAS E OURONDO;308
Rua da Eira;CASEGAS E OURONDO;309
Rua da Escola;CASEGAS E OURONDO;310
Rua da Fonte de Baixo;CASEGAS E OURONDO;311
Rua da Igreja;CASEGAS E OURONDO;312
Rua da Pereira;CASEGAS E OURONDO;313
Rua da Ponte de Cima;CASEGAS E OURONDO;314
Rua da Portela;CASEGAS E OURONDO;315
Rua da Quelhinha;CASEGAS E OURONDO;316
Rua da Ribeira;CASEGAS E OURONDO;317
Rua da Várzea;CASEGAS E OURONDO;318
Rua das Eiras;CASEGAS E OURONDO;319
Rua das Escolas;CASEGAS E OURONDO;320
Rua das Sobreiras;CASEGAS E OURONDO;321
Rua de Santo António;CASEGAS E OURONDO;322
Rua Direita;CASEGAS E OURONDO;323
Rua Direita;CASEGAS E OURONDO;324
Rua do Adro;CASEGAS E OURONDO;325
Rua do Anjo da Guarda;CASEGAS E OURONDO;326
Rua do Bairro das Escolas;CASEGAS E OURONDO;327
Rua do Cabeço;CASEGAS E OURONDO;328
Rua do Cabeço da Várzea;CASEGAS E OURONDO;329
Rua do Caramoço;CASEGAS E OURONDO;330
Rua do Carvalho;CASEGAS E OURONDO;331
Rua do Desporto de Agua;CASEGAS E OURONDO;332
Rua do Forno;CASEGAS E OURONDO;333
Rua do Lameirão;CASEGAS E OURONDO;334
Rua do Mártir S. Sebastião;CASEGAS E OURONDO;335
Rua do Mouchão;CASEGAS E OURONDO;336
Rua do Rio;CASEGAS E OURONDO;337
Rua do Rossio;CASEGAS E OURONDO;338
Rua dos Becos;CASEGAS E OURONDO;339
Rua dos Plomes;CASEGAS E OURONDO;340
Rua Nossa Senhora do Carmo;CASEGAS E OURONDO;341
Rua Parque de Merendas;CASEGAS E OURONDO;342
Rua Quelha da Vinha;CASEGAS E OURONDO;343
Transversal a Rua Direita;CASEGAS E OURONDO;344
Travessa Chão do Moinho;CASEGAS E OURONDO;345
Travessa da Escola;CASEGAS E OURONDO;346
Travessa da Igreja;CASEGAS E OURONDO;347
Travessa Numero 3 dos Plomes;CASEGAS E OURONDO;348
Acesso a propriedade agrícola/florestal;CORTES DO MEIO;349
Avenida do Viriato;CORTES DO MEIO;350
Estrada de Cortes de Baixo;CORTES DO MEIO;351
Estrada Municipal 508;CORTES DO MEIO;352
Estrada Nacional 230;CORTES DO MEIO;353
Estrada Nacional 338;CORTES DO MEIO;354
Estrada Nacional 339;CORTES DO MEIO;355
Estrada Nacional 343-1;CORTES DO MEIO;356
Nave de Santo António;CORTES DO MEIO;357
Rua da Calçada;CORTES DO MEIO;358
Rua da Fonte;CORTES DO MEIO;359
Rua da Fonte Cimeira;CORTES DO MEIO;360
Rua da Fonte de Baixo;CORTES DO MEIO;361
Rua da Salada;CORTES DO MEIO;362
Rua das Malhadas;CORTES DO MEIO;363
Rua de São Roque;CORTES DO MEIO;364
Rua Direita;CORTES DO MEIO;365
Rua do Cabecinho;CORTES DO MEIO;366
Rua do Cabeçinho;CORTES DO MEIO;367
Rua do Cabeço;CORTES DO MEIO;368
Rua do Calvário;CORTES DO MEIO;369
Rua do Cascalhal;CORTES DO MEIO;370
Rua do Castelo;CORTES DO MEIO;371
Rua do Cemitério;CORTES DO MEIO;372
Rua do Coreto;CORTES DO MEIO;373
Rua do Forno;CORTES DO MEIO;374
Rua do Hotel Serra da Estrela;CORTES DO MEIO;375
Rua do Pontão;CORTES DO MEIO;376
Rua do Sitio da Tapada;CORTES DO MEIO;377
Rua do Sitio de Courelas;CORTES DO MEIO;378
Rua Montes Hermínios;CORTES DO MEIO;379
Rua Parque Campismo Penhas Saúde;CORTES DO MEIO;380
Rua Ribeiro Coelho;CORTES DO MEIO;381
Transversal a Estrada Nacional 339;CORTES DO MEIO;382
Travessa da Escola;CORTES DO MEIO;383
Travessa do Adro;CORTES DO MEIO;384
Travessa do Calvário;CORTES DO MEIO;385
Acesso a estacionamento do Centro de Saúde;COVILHÃ E CANHOSO;386
Acesso a Estacionamento/ Garagens;COVILHÃ E CANHOSO;387
Acesso a propriedade agrícola/florestal;COVILHÃ E CANHOSO;388
Acesso a Residências da UBI;COVILHÃ E CANHOSO;389
Acesso A23;COVILHÃ E CANHOSO;390
Alameda Europa;COVILHÃ E CANHOSO;391
Alameda Pêro da Covilhã;COVILHÃ E CANHOSO;392
Atalho atras do Hospital;COVILHÃ E CANHOSO;393
Avenida 25 de Abril;COVILHÃ E CANHOSO;394
Avenida da Anil;COVILHÃ E CANHOSO;395
Avenida de Santarém;COVILHÃ E CANHOSO;396
Avenida do Biribau;COVILHÃ E CANHOSO;397
Avenida dos Montes Hermínios;COVILHÃ E CANHOSO;398
Avenida Frei Heitor Pinto;COVILHÃ E CANHOSO;399
Avenida Infante Dom Henrique;COVILHÃ E CANHOSO;400
Beco da Alegria;COVILHÃ E CANHOSO;401
Beco do Castelo;COVILHÃ E CANHOSO;402
Beco dos Reis;COVILHÃ E CANHOSO;403
Bombas Repsol;COVILHÃ E CANHOSO;404
Calcada das Poldras;COVILHÃ E CANHOSO;405
Calçada de Santa Cruz;COVILHÃ E CANHOSO;406
Caminho da Quinta do Prado;COVILHÃ E CANHOSO;407
Central de camionagem;COVILHÃ E CANHOSO;408
Cruzamento EN18;COVILHÃ E CANHOSO;409
Cruzamento para Vale das Cortes/ Bouça;COVILHÃ E CANHOSO;410
do antiga N18;COVILHÃ E CANHOSO;411
Eixo Teixoso-Covilhã-Tortosendo;COVILHÃ E CANHOSO;412
Escadaria da Rua 20 de Outubro;COVILHÃ E CANHOSO;413
Escadaria Goldra;COVILHÃ E CANHOSO;414
Escadaria Quebra Costas;COVILHÃ E CANHOSO;415
Escadas da Boavista;COVILHÃ E CANHOSO;416
Escadas de Santo André;COVILHÃ E CANHOSO;417
Escadas de São Silvestre;COVILHÃ E CANHOSO;418
Escadas do Castelo;COVILHÃ E CANHOSO;419
Escadas do Quebra-Costas;COVILHÃ E CANHOSO;420
Estabelecimento Prisional;COVILHÃ E CANHOSO;421
Estacionamento Goldra;COVILHÃ E CANHOSO;422
Estrada da Fabrica Velha;COVILHÃ E CANHOSO;423
Estrada da Palmatória;COVILHÃ E CANHOSO;424
Estrada do Canhoso;COVILHÃ E CANHOSO;425
Estrada do Parque do Pião;COVILHÃ E CANHOSO;426
Estrada do Sineiro;COVILHÃ E CANHOSO;427
Estrada Municipal 506;COVILHÃ E CANHOSO;428
Estrada Municipal Vila do Carvalho Canhoso;COVILHÃ E CANHOSO;429
Estrada Nacional 18;COVILHÃ E CANHOSO;430
Estrada Nacional 18-2;COVILHÃ E CANHOSO;431
Estrada Nacional 18 1483;COVILHÃ E CANHOSO;432
Estrada Nacional 18 1495;COVILHÃ E CANHOSO;433
Estrada Nacional 230;COVILHÃ E CANHOSO;434
Estrada Nacional 339;COVILHÃ E CANHOSO;435
Estrada Nacional 501;COVILHÃ E CANHOSO;436
Estrada para o Carregal;COVILHÃ E CANHOSO;437
Hospital;COVILHÃ E CANHOSO;438
Hotel Turismo;COVILHÃ E CANHOSO;439
Intermarche;COVILHÃ E CANHOSO;440
Largo 5 de Outubro;COVILHÃ E CANHOSO;441
Largo da Alegria;COVILHÃ E CANHOSO;442
Largo da Infantaria 21;COVILHÃ E CANHOSO;443
Largo de Santo António;COVILHÃ E CANHOSO;444
Largo de São Silvestre;COVILHÃ E CANHOSO;445
Largo Joaquim dos Santos Morgadinho;COVILHÃ E CANHOSO;446
Largo Senhora do Rosário;COVILHÃ E CANHOSO;447
Miradouro;COVILHÃ E CANHOSO;448
Parque de Estacionamento Hotel TRYP Dona Maria;COVILHÃ E CANHOSO;449
Parque de Estacionamento LIDL;COVILHÃ E CANHOSO;450
Parque Industrial Canhoso;COVILHÃ E CANHOSO;451
Ponte Mártir-in-Colo;COVILHÃ E CANHOSO;452
Ponte Pedonal da Carpinteira;COVILHÃ E CANHOSO;453
Praça Francisco Sá Carneiro;COVILHÃ E CANHOSO;454
Praceta da Amoreira;COVILHÃ E CANHOSO;455
Quinta da Estrela;COVILHÃ E CANHOSO;456
Quinta da Ponte Terra;COVILHÃ E CANHOSO;457
Quinta da Várzea;COVILHÃ E CANHOSO;458
Rotunda do Rato;COVILHÃ E CANHOSO;459
Rua 20 de Outubro;COVILHÃ E CANHOSO;460
Rua 6 de Setembro;COVILHÃ E CANHOSO;461
Rua Afonso Domingues;COVILHÃ E CANHOSO;462
Rua Alexandre Herculano;COVILHÃ E CANHOSO;463
Acesso à Urbanização da Quinta do Pinheiro;COVILHÃ E CANHOSO;464
Rua António Aleixo;COVILHÃ E CANHOSO;465
Rua António Augusto Aguiar;COVILHÃ E CANHOSO;466
Rua António Vaz de Macedo;COVILHÃ E CANHOSO;467
Rua Azedo Gneco;COVILHÃ E CANHOSO;468
Rua Baptista Leão;COVILHÃ E CANHOSO;469
Rua Bombeiros Voluntários;COVILHÃ E CANHOSO;470
Rua Capitão Alves Roçadas;COVILHÃ E CANHOSO;471
Rua Capitão João D'Almeida;COVILHÃ E CANHOSO;472
Rua Celestino David;COVILHÃ E CANHOSO;473
Rua Centro de Artes;COVILHÃ E CANHOSO;474
Rua Cidade de Cáceres;COVILHÃ E CANHOSO;475
Rua Cidade do Fundão;COVILHÃ E CANHOSO;476
Rua Comandante dos Bombeiros Sebastião S. Júlio;COVILHÃ E CANHOSO;477
Rua Comendador Campos Melo;COVILHÃ E CANHOSO;478
Rua Comendador Gomes Correia;COVILHÃ E CANHOSO;479
Rua Comendador Marcelino;COVILHÃ E CANHOSO;480
Rua Comendador Mendes Veiga;COVILHÃ E CANHOSO;481
Rua Conde da Covilhã;COVILHÃ E CANHOSO;482
Rua Conde da Ericeira;COVILHÃ E CANHOSO;483
Rua Conde José Calheiros;COVILHÃ E CANHOSO;484
Rua Conselheiro Joaquim Pessoa;COVILHÃ E CANHOSO;485
Rua Conselheiro Santos Viegas;COVILHÃ E CANHOSO;486
Rua CristóvÃo de Castro;COVILHÃ E CANHOSO;487
Rua da Alegria;COVILHÃ E CANHOSO;488
Rua da Amoreira;COVILHÃ E CANHOSO;489
Rua da Associação;COVILHÃ E CANHOSO;490
Rua da Calçada de Santo André;COVILHÃ E CANHOSO;491
Rua da Calcada de São Martinho;COVILHÃ E CANHOSO;492
Rua da Calcada Fonte Lameiro;COVILHÃ E CANHOSO;493
Rua da Calva;COVILHÃ E CANHOSO;494
Rua da Carreira de Tiro;COVILHÃ E CANHOSO;495
Rua da Corredoura;COVILHÃ E CANHOSO;496
Rua da Escola;COVILHÃ E CANHOSO;497
Rua da Estrela;COVILHÃ E CANHOSO;498
Rua da Igreja;COVILHÃ E CANHOSO;499
Rua da Industria;COVILHÃ E CANHOSO;500
Rua da Madalena;COVILHÃ E CANHOSO;501
Rua da Misericórdia;COVILHÃ E CANHOSO;502
Rua da Nave;COVILHÃ E CANHOSO;503
Rua da Quinta da Tapada;COVILHÃ E CANHOSO;504
Rua da Ramalha;COVILHÃ E CANHOSO;505
Rua da Saudade;COVILHÃ E CANHOSO;506
Rua da Tapada;COVILHÃ E CANHOSO;507
Rua da Torre;COVILHÃ E CANHOSO;508
Rua da Urbanização da Quinta do Pinheiro;COVILHÃ E CANHOSO;509
Rua da Urbanização do Ribeiro Negro;COVILHÃ E CANHOSO;510
Rua da Urbanização Ribeira de Folandres;COVILHÃ E CANHOSO;511
Rua da Urbanização Ribeira de Folandres Transve;COVILHÃ E CANHOSO;512
Rua das Almas;COVILHÃ E CANHOSO;513
Rua das Amoreiras;COVILHÃ E CANHOSO;514
Rua das Figueiras;COVILHÃ E CANHOSO;515
Rua das Flores;COVILHÃ E CANHOSO;516
Rua das Lajes;COVILHÃ E CANHOSO;517
Rua das Laranjeiras;COVILHÃ E CANHOSO;518
Rua das Oliveiras;COVILHÃ E CANHOSO;519
Rua das Pereiras;COVILHÃ E CANHOSO;520
Rua das Portas do Sol;COVILHÃ E CANHOSO;521
Rua das Rosas;COVILHÃ E CANHOSO;522
Rua das Tílias;COVILHÃ E CANHOSO;523
Rua de Acesso à Estação;COVILHÃ E CANHOSO;524
Rua de Olivença;COVILHÃ E CANHOSO;525
Rua de S. Francisco Alvares;COVILHÃ E CANHOSO;526
Rua de São João de Deus;COVILHÃ E CANHOSO;527
Rua de São José;COVILHÃ E CANHOSO;528
Rua de São Salvado;COVILHÃ E CANHOSO;529
Rua de São Tiago;COVILHÃ E CANHOSO;530
Rua de Timor;COVILHÃ E CANHOSO;531
Rua Diamantino Alves da Costa;COVILHÃ E CANHOSO;532
Rua do Bairro da Nossa Senhora da Conceição;COVILHÃ E CANHOSO;533
Rua do Bairro dos Caldeirões;COVILHÃ E CANHOSO;534
Rua do Bairro dos Penedos Altos;COVILHÃ E CANHOSO;535
Rua do Barbacã;COVILHÃ E CANHOSO;536
Rua do Castelo;COVILHÃ E CANHOSO;537
Rua do Cotovelo;COVILHÃ E CANHOSO;538
Rua do Forno;COVILHÃ E CANHOSO;539
Rua do Grupo Desportivo da Mata;COVILHÃ E CANHOSO;540
Rua do Grupo Recriativo Refugiense;COVILHÃ E CANHOSO;541
Rua do Hospital Velho;COVILHÃ E CANHOSO;542
Rua do Jardim;COVILHÃ E CANHOSO;543
Rua do Loteamento do Polito;COVILHÃ E CANHOSO;544
Rua do Meio;COVILHÃ E CANHOSO;545
Rua do Norte;COVILHÃ E CANHOSO;546
Rua do Operário;COVILHÃ E CANHOSO;547
Rua do Padre Américo;COVILHÃ E CANHOSO;548
Rua do Padre Pita;COVILHÃ E CANHOSO;549
Rua do Parque Industrial do Canhoso;COVILHÃ E CANHOSO;550
Rua do Pião;COVILHÃ E CANHOSO;551
Rua do Pinho Manso;COVILHÃ E CANHOSO;552
Rua do Pisão Novo;COVILHÃ E CANHOSO;553
Rua do Ramal da Estação;COVILHÃ E CANHOSO;554
Rua do Rodrigo;COVILHÃ E CANHOSO;555
Rua do Saco;COVILHÃ E CANHOSO;556
Rua do Serrado;COVILHÃ E CANHOSO;557
Rua do Sitio da Quinta dos Lagoeiros;COVILHÃ E CANHOSO;558
Rua Dom Sancho Primeiro;COVILHÃ E CANHOSO;559
Rua dos Piornos;COVILHÃ E CANHOSO;560
Rua dos Abrunheiros;COVILHÃ E CANHOSO;561
Rua dos Bombeiros Sem Saída;COVILHÃ E CANHOSO;562
Rua dos Cântaros;COVILHÃ E CANHOSO;563
Rua dos Carqueijais;COVILHÃ E CANHOSO;564
Rua dos Castanheiros;COVILHÃ E CANHOSO;565
Rua dos Cedros;COVILHÃ E CANHOSO;566
Rua dos Combatentes da Grande Guerra;COVILHÃ E CANHOSO;567
Rua dos Namorados;COVILHÃ E CANHOSO;568
Rua dos Pessegueiros;COVILHÃ E CANHOSO;569
Rua dos Piornos;COVILHÃ E CANHOSO;570
Rua dos Plátanos;COVILHÃ E CANHOSO;571
Rua Doutor Alberto Rato;COVILHÃ E CANHOSO;572
Rua Doutor Almeida Eusébio;COVILHÃ E CANHOSO;573
Rua Doutor António Plácido da Costa;COVILHÃ E CANHOSO;574
Rua Doutor Guilherme Raposo de Moura;COVILHÃ E CANHOSO;575
Rua Doutor José Mendes de Matos;COVILHÃ E CANHOSO;576
Rua Doutor José Valério da Cruz;COVILHÃ E CANHOSO;577
Rua Doutor Júlio Maria da Costa;COVILHÃ E CANHOSO;578
Rua Doutor Oliveira Monteiro;COVILHÃ E CANHOSO;579
Rua Dr. Manuel Castro Martins;COVILHÃ E CANHOSO;580
Rua Fernando Henriques Cruz;COVILHÃ E CANHOSO;581
Rua Fernando Rodrigues Taborda;COVILHÃ E CANHOSO;582
Rua Fernão Penteado;COVILHÃ E CANHOSO;583
Rua Ferreira de Castro;COVILHÃ E CANHOSO;584
Rua Formosa;COVILHÃ E CANHOSO;585
Rua General Humberto Delgado;COVILHÃ E CANHOSO;586
Rua Ginásio Clube;COVILHÃ E CANHOSO;587
Rua Gregório Geraldes;COVILHÃ E CANHOSO;588
Rua Grupo Instrução e Recreio;COVILHÃ E CANHOSO;589
Rua Grupo Refugiense;COVILHÃ E CANHOSO;590
Rua Irmãos Bonina;COVILHÃ E CANHOSO;591
Rua João Alves da Silva;COVILHÃ E CANHOSO;592
Rua João Batista Roseta;COVILHÃ E CANHOSO;593
Rua João Mendes;COVILHÃ E CANHOSO;594
Rua Joaquim Pereira Espiga;COVILHÃ E CANHOSO;595
Rua Jornal da Covilhã;COVILHÃ E CANHOSO;596
Rua José Caetano Júnior;COVILHÃ E CANHOSO;597
Rua José Caetano Júnior;COVILHÃ E CANHOSO;598
Rua José Espiga;COVILHÃ E CANHOSO;599
Rua José Ramalho;COVILHÃ E CANHOSO;600
Rua Manuel Alçada Padez;COVILHÃ E CANHOSO;601
Rua Marquês de Ávila e Bolama;COVILHÃ E CANHOSO;602
Rua Marquês de Pombal;COVILHÃ E CANHOSO;603
Rua Mateus Fernandes;COVILHÃ E CANHOSO;604
Rua Morais do Convento;COVILHÃ E CANHOSO;605
Rua Nogueira dos Frades;COVILHÃ E CANHOSO;606
Rua Nova;COVILHÃ E CANHOSO;607
Rua Nuno Tavares Pereira;COVILHÃ E CANHOSO;608
Rua Padre Américo;COVILHÃ E CANHOSO;609
Rua Padre Martinho;COVILHÃ E CANHOSO;610
Rua Pedro Tavares Cabral;COVILHÃ E CANHOSO;611
Rua Pedro Alves;COVILHÃ E CANHOSO;612
Rua Peso da LÃ;COVILHÃ E CANHOSO;613
Rua Primeiro de Dezembro;COVILHÃ E CANHOSO;614
Rua Primeiro de Maio;COVILHÃ E CANHOSO;615
Rua Prof. António Esteves Lopes;COVILHÃ E CANHOSO;616
Rua Ruy Faleiro;COVILHÃ E CANHOSO;617
Rua S. João de Deus;COVILHÃ E CANHOSO;618
Rua Senhora da Paciência;COVILHÃ E CANHOSO;619
Rua Sítio do Pinho do Gaiteiro;COVILHÃ E CANHOSO;620
Rua Vasco da Gama;COVILHÃ E CANHOSO;621
Rua Viriato;COVILHÃ E CANHOSO;622
Rua Visconde da Coriscada;COVILHÃ E CANHOSO;623
Rua Vitoria de Santo António;COVILHÃ E CANHOSO;624
Rua Zeca Afonso;COVILHÃ E CANHOSO;625
Segurança Social;COVILHÃ E CANHOSO;626
Trajeto pedonal;COVILHÃ E CANHOSO;627
Transversal a Rua Conde da Covilhã;COVILHÃ E CANHOSO;628
Transversal a Rua Conde José Calheiros;COVILHÃ E CANHOSO;629
Transversal a Rua Marquês de Ávila e Bolama;COVILHÃ E CANHOSO;630
Transversal a Rua Viriato;COVILHÃ E CANHOSO;631
Transversal a Rua Viriato 2;COVILHÃ E CANHOSO;632
Travessa da Alegria;COVILHÃ E CANHOSO;633
Travessa da Calcada Romana;COVILHÃ E CANHOSO;634
Travessa da Calva;COVILHÃ E CANHOSO;635
Travessa da Escadaria;COVILHÃ E CANHOSO;636
Travessa da Madalena;COVILHÃ E CANHOSO;637
Travessa da Palmatoria;COVILHÃ E CANHOSO;638
Travessa da Quintinha;COVILHÃ E CANHOSO;639
Travessa da Rua da Olivosa;COVILHÃ E CANHOSO;640
Travessa da Senhora da Paciência;COVILHÃ E CANHOSO;641
Travessa da Trapa;COVILHÃ E CANHOSO;642
Travessa de Santa Marinha;COVILHÃ E CANHOSO;643
Travessa de Santa Marta;COVILHÃ E CANHOSO;644
Travessa de Santo Agostinho;COVILHÃ E CANHOSO;645
Travessa de Santo António;COVILHÃ E CANHOSO;646
Travessa de São Bartolomeu;COVILHÃ E CANHOSO;647
Travessa de São José;COVILHÃ E CANHOSO;648
Travessa de São Tiago;COVILHÃ E CANHOSO;649
Travessa do Forno;COVILHÃ E CANHOSO;650
Travessa do Peixe;COVILHÃ E CANHOSO;651
Travessa do Raimundo;COVILHÃ E CANHOSO;652
Travessa do Ribeiro Flandres;COVILHÃ E CANHOSO;653
Travessa do Tinte;COVILHÃ E CANHOSO;654
Travessa Dona Joaquina;COVILHÃ E CANHOSO;655
Travessa dos Compadres;COVILHÃ E CANHOSO;656
Travessa Lanofabril;COVILHÃ E CANHOSO;657
Travessa Primeira da Rua das Amoreiras;COVILHÃ E CANHOSO;658
Travessa Primeira da Rua do Rodrigo;COVILHÃ E CANHOSO;659
Travessa Viriato;COVILHÃ E CANHOSO;660
UBI- Faculdade de Ciências da Saúde;COVILHÃ E CANHOSO;661
Viela do Raimundo;COVILHÃ E CANHOSO;662
Avenida Cidade Rio de Janeiro;COVILHÃ E CANHOSO;663
Acesso a Estacionamento/ Garagens;DOMINGUIZO;664
Acesso a propriedade agrícola/florestal;DOMINGUIZO;665
Avenida Almirante Américo Tomas;DOMINGUIZO;666
Avenida Primeiro de Maio;DOMINGUIZO;667
Becos da Bica;DOMINGUIZO;668
Estrada Municipal 513;DOMINGUIZO;669
Estrada Nacional 346;DOMINGUIZO;670
Largo do Espirito Santo;DOMINGUIZO;671
Rua da Bica;DOMINGUIZO;672
Rua da Eira do Jardim;DOMINGUIZO;673
Rua da Eira Velha;DOMINGUIZO;674
Rua da Fonte Velha;DOMINGUIZO;675
Rua da Quinta da Vila da Castanheira;DOMINGUIZO;676
Rua da Quinta das Sesmarias;DOMINGUIZO;677
Rua da Travessa da Fonte Velha;DOMINGUIZO;678
Rua Direita;DOMINGUIZO;679
Rua do Bairro dos Marinheiros;DOMINGUIZO;680
Rua do Cabeço;DOMINGUIZO;681
Rua do Cardal;DOMINGUIZO;682
Rua do Casainho;DOMINGUIZO;683
Rua do Casal;DOMINGUIZO;684
Rua do Cemitério;DOMINGUIZO;685
Rua do Cimo do Povo;DOMINGUIZO;686
Rua do Pinho Manso;DOMINGUIZO;687
Rua Eira do Jardim;DOMINGUIZO;688
Travessa da Amoreira;DOMINGUIZO;689
Travessa da Laurita;DOMINGUIZO;690
Travessa do Cimo do Povo;DOMINGUIZO;691
Travessa do Pinho Manso;DOMINGUIZO;692
Acesso a propriedade agrícola/florestal;ERADA;693
EM 510;ERADA;694
Estrada Nacional 230;ERADA;695
Rua A;ERADA;696
Rua Almeida Garrett;ERADA;697
Rua B;ERADA;698
Rua C;ERADA;699
Rua D;ERADA;700
Rua da Carreira;ERADA;701
Rua da Eira;ERADA;702
Rua da Escola;ERADA;703
Rua da Estrada;ERADA;704
Rua da Fonte da Dorna;ERADA;705
Rua da Fonte Nova;ERADA;706
Rua da Guadiana;ERADA;707
Rua da Junta da Freguesia;ERADA;708
Rua da Mina;ERADA;709
Rua da Praça;ERADA;710
Rua da Razinha;ERADA;711
Rua da Roseira;ERADA;712
Rua da Senhora dos Milagres;ERADA;713
Rua da Valada;ERADA;714
Rua da Vinha;ERADA;715
Rua das Aradinhas;ERADA;716
Rua das Oliveiras;ERADA;717
Rua de Santo António;ERADA;718
Rua de São António;ERADA;719
Rua de São José;ERADA;720
Rua de São Pedro;ERADA;721
Rua de São Sebastião;ERADA;722
Rua Direita;ERADA;723
Rua do Fundo do Povo;ERADA;724
Rua do Galvão;ERADA;725
Rua do Jogo da Bola;ERADA;726
Rua do Lameiro do Mato;ERADA;727
Rua do Outeiro;ERADA;728
Rua do Santo António;ERADA;729
Rua do Terreiro;ERADA;730
Rua do Torgal;ERADA;731
Rua E;ERADA;732
Rua Engenheiro Vicente da Costa Borgues Terenas;ERADA;733
Rua F;ERADA;734
Rua G;ERADA;735
Rua Nova;ERADA;736
Rua Principal Carlos Pinto;ERADA;737
Travessa da Rua de Santo António;ERADA;738
Travessa da Senhora dos Milagres;ERADA;739
Travessa do Fundo do Povo;ERADA;740
A23 - Autoestrada da Beira Interior;FERRO;741
Acesso a propriedade agrícola/florestal;FERRO;742
Acesso Estrada Nacional 18;FERRO;743
Avenida Dona Laura Maria Couto;FERRO;744
Avenida Dona Laura Monteiro Maricouto;FERRO;745
CM 1037;FERRO;746
Estrada Municipal 506;FERRO;747
Estrada Municipal 506-1;FERRO;748
Estrada Nacional 18;FERRO;749
Estrada Nacional 18-4;FERRO;750
Nó de acesso A23;FERRO;751
Ponte Pedrinha;FERRO;752
Rua 25 de Abril;FERRO;753
Rua Coração de Maria;FERRO;754
Rua da Cancela;FERRO;755
Rua da Estalagem;FERRO;756
Rua da Fonte;FERRO;757
Rua da Igreja;FERRO;758
Rua das Quintas;FERRO;759
Rua do Adro;FERRO;760
Rua do Bairro da Cruz;FERRO;761
Rua do Cebolal;FERRO;762
Rua do Cebolal;FERRO;763
Rua do Chafariz Novo;FERRO;764
Rua do Espirito Santo;FERRO;765
Rua do Loteamento da Barronceira;FERRO;766
Rua do Mártir São João;FERRO;767
Rua do Outeiro;FERRO;768
Rua do Serrado;FERRO;769
Rua do Sitio da Barronceira;FERRO;770
Rua Dom Zeca Gonçalves;FERRO;771
Rua dos Soutos;FERRO;772
Rua Doutor Carlos Coelho;FERRO;773
Rua Doutor Duarte Simões;FERRO;774
Rua Doutor Oliveira Dias;FERRO;775
Travessa do Bairro da Cruz;FERRO;776
Travessa do Espirito Santo;FERRO;777
A23 - Autoestrada da Beira Interior;ORJAIS;778
Acesso a propriedade agrícola/florestal;ORJAIS;779
Avenida da Igreja;ORJAIS;780
Caminho da Ribeira dos Poucos;ORJAIS;781
Estrada Nacional 18;ORJAIS;782
Largo da Amoreira;ORJAIS;783
Largo da Fonte de Cima;ORJAIS;784
Largo da Igreja;ORJAIS;785
Quelha da Fonte da Prata;ORJAIS;786
Quinta da Mourata;ORJAIS;787
Rua da Barquinha;ORJAIS;788
Rua da Cerdeira;ORJAIS;789
Rua da Cruz;ORJAIS;790
Rua da Fonte da Prata;ORJAIS;791
Rua da Fonte de Cima;ORJAIS;792
Rua da Quinta do Chão Grande;ORJAIS;793
Rua da Quinta dos Plames;ORJAIS;794
Rua da Republica;ORJAIS;795
Rua das Lages;ORJAIS;796
Rua Direita;ORJAIS;797
Rua do Bairro da Cerdeira;ORJAIS;798
Rua do Bairro do Brejo;ORJAIS;799
Rua do Bairro dos Farinheiros;ORJAIS;800
Rua do Cabeço das Vinhas;ORJAIS;801
Rua do Lombardo;ORJAIS;802
Rua do Outeiro;ORJAIS;803
Rua do Quebra Costas;ORJAIS;804
Rua do Regatinho;ORJAIS;805
Rua do Sitio da Acorda;ORJAIS;806
Travessa da Cancelinha;ORJAIS;807
Travessa da Fonte da Prata;ORJAIS;808
Travessa da Fonte Velha;ORJAIS;809
Travessa do Outeiro;ORJAIS;810
Acesso a propriedade agrícola/florestal;PAUL;811
Avenida Padre José Santiago;PAUL;812
Avenida Padre José Santiago;PAUL;813
Bairro da Reboleirada;PAUL;814
Bairro do Pisão;PAUL;815
EM 510;PAUL;816
Estrada de Casegas;PAUL;817
Estrada do Santuário;PAUL;818
Estrada do Santuário;PAUL;819
Estrada Municipal 512;PAUL;820
Estrada Nacional 230;PAUL;821
Largo do Mercado;PAUL;822
Largo Dr. Carlos Coelho;PAUL;823
Primeira Travessa do Fundo do Povo;PAUL;824
Rua 8 de Janeiro;PAUL;825
Rua Chão do Forno;PAUL;826
Rua Cimo do Lugar;PAUL;827
Rua da Barroquinha;PAUL;828
Rua da Carreira;PAUL;829
Rua da Carvalha;PAUL;830
Rua da Eira;PAUL;831
Rua da Fonte do Concelho;PAUL;832
Rua da Fontinha;PAUL;833
Rua da Igreja;PAUL;834
Rua da Lameira;PAUL;835
Rua da Marinheira;PAUL;836
Rua da Pinha;PAUL;837
Rua da Ponte;PAUL;838
Rua da Portela;PAUL;839
Rua da Praça;PAUL;840
Rua da Quelhinha;PAUL;841
Rua da Ramila;PAUL;842
Rua das Escolas;PAUL;843
Rua das Flores;PAUL;844
Rua das Lages;PAUL;845
Rua das Malhadas;PAUL;846
Rua das Quelhas;PAUL;847
Rua de Cima;PAUL;848
Rua do Campo da Bola;PAUL;849
Rua do Cato;PAUL;850
Rua do Curral;PAUL;851
Rua do Esprito Santo;PAUL;852
Rua do Lameiro da Fonte;PAUL;853
Rua do Mercado;PAUL;854
Rua do Pisão;PAUL;855
Rua do Quebra-Costas;PAUL;856
Rua do Sumagral;PAUL;857
Rua do Vale;PAUL;858
Rua dos Olivais;PAUL;859
Rua dos Prados;PAUL;860
Rua dos Prados da Fontinha;PAUL;861
Rua Doutor José Carvalho;PAUL;862
Rua Fundo do Povo;PAUL;863
Rua Jogo da Bola;PAUL;864
Rua Nova;PAUL;865
Rua Nova da Ribeira;PAUL;866
Rua Ribeiro do Fojo;PAUL;867
Rua Souto da Serra;PAUL;868
Rua Vale do Moinho;PAUL;869
Santuário Nossa Senhora dos;PAUL;870
Segunda Travessa do Fundo do Povo;PAUL;871
Travessa da Lameira;PAUL;872
Travessa da Ramila;PAUL;873
Travessa da Rua Machado;PAUL;874
Travessa das Quelhas;PAUL;875
Travessa de Cima;PAUL;876
Travessa do Esprito Santo;PAUL;877
Travessa do Ribeiro do Fojo;PAUL;878
Travessa Doutor José Carvalho;PAUL;879
Urbanização do Serrado;PAUL;880
A23 - Autoestrada da Beira Interior;PERABOA;881
Acesso a propriedade agrícola/florestal;PERABOA;882
CM 1204;PERABOA;883
Estrada Municipal 506;PERABOA;884
Estrada Nacional 345;PERABOA;885
Largo do Sitio da Peraboa;PERABOA;886
Rua 5 de Outubro;PERABOA;887
Rua da Achadinha;PERABOA;888
Rua da Barronceira;PERABOA;889
Rua da Fonte Velha;PERABOA;890
Rua da Igreja;PERABOA;891
Rua da Lameira;PERABOA;892
Rua da Portela;PERABOA;893
Rua da Tapada;PERABOA;894
Rua das Almas;PERABOA;895
Rua das Lages;PERABOA;896
Rua de São Marcos;PERABOA;897
Rua Direita;PERABOA;898
Rua do Bairro da Abelheira;PERABOA;899
Rua do Chafariz;PERABOA;900
Rua do Espirito Santo;PERABOA;901
Rua do Ladrilho;PERABOA;902
Rua do Pecalvo;PERABOA;903
Rua do Salgueirinho;PERABOA;904
Rua do Serrado;PERABOA;905
Rua do Vale;PERABOA;906
Rua dos Casalinhos;PERABOA;907
Rua dos Laijoes;PERABOA;908
Rua Família Lobo de Vasconcelos;PERABOA;909
Rua Santa Ana;PERABOA;910
Transversal a Rua da Lameira;PERABOA;911
Transversal a Rua de São Marcos;PERABOA;912
Travessa da Tapada da Fonte;PERABOA;913
Travessa das Almas;PERABOA;914
Travessa do Chafariz;PERABOA;915
Travessa do Jogo da Bola;PERABOA;916
Acesso a propriedade agrícola/florestal;PESO E VALES DO RIO;917
Avenida Aníbal José Pereira Casteleiro;PESO E VALES DO RIO;918
Beco da Rua Nova;PESO E VALES DO RIO;919
Estrada Municipal 513;PESO E VALES DO RIO;920
Largo da Santa Maria Madalena;PESO E VALES DO RIO;921
Rua 9 de Julho;PESO E VALES DO RIO;922
Rua Barroca do Bicho;PESO E VALES DO RIO;923
Rua da Canada;PESO E VALES DO RIO;924
Rua da Cura;PESO E VALES DO RIO;925
Rua da Eira;PESO E VALES DO RIO;926
Rua da Ladeira;PESO E VALES DO RIO;927
Rua da Lomba;PESO E VALES DO RIO;928
Rua da Pedra da Seixinha;PESO E VALES DO RIO;929
Rua das Escolas;PESO E VALES DO RIO;930
Rua das Moitas;PESO E VALES DO RIO;931
Rua das Roseiras;PESO E VALES DO RIO;932
Rua de Santo António;PESO E VALES DO RIO;933
Rua de São João;PESO E VALES DO RIO;934
Rua de São Miguel;PESO E VALES DO RIO;935
Rua Direita;PESO E VALES DO RIO;936
Rua do Barroco;PESO E VALES DO RIO;937
Rua do Caminho do Verde;PESO E VALES DO RIO;938
Rua do Campo das Festas;PESO E VALES DO RIO;939
Rua do Carvalhal;PESO E VALES DO RIO;940
Rua do Chão das Moitas;PESO E VALES DO RIO;941
Rua do Loureiro;PESO E VALES DO RIO;942
Rua do Menino Jesus;PESO E VALES DO RIO;943
Rua do Outeiro;PESO E VALES DO RIO;944
Rua do Poço Negro;PESO E VALES DO RIO;945
Rua do Polidesportivo;PESO E VALES DO RIO;946
Rua do Regato;PESO E VALES DO RIO;947
Rua do Serrado;PESO E VALES DO RIO;948
Rua do Sitio do Carvalho Alto;PESO E VALES DO RIO;949
Rua do Sitio do Carvalho Baixo;PESO E VALES DO RIO;950
Rua dos Olivais;PESO E VALES DO RIO;951
Rua dos Valinhos;PESO E VALES DO RIO;952
Rua José Bernardo da Cunha Matos;PESO E VALES DO RIO;953
Rua Nave de Cima;PESO E VALES DO RIO;954
Rua Nova;PESO E VALES DO RIO;955
Rua Rego da Feiteira;PESO E VALES DO RIO;956
Rua Ribeiro da Fonte;PESO E VALES DO RIO;957
Rua Santa Maria Madalena;PESO E VALES DO RIO;958
Rua Sargento José Paulo dos Santos;PESO E VALES DO RIO;959
Rua Soldado Manuel Alfredo Aleixo;PESO E VALES DO RIO;960
Rua Vale de Ilhós;PESO E VALES DO RIO;961
Travessa da Fonte;PESO E VALES DO RIO;962
Travessa da Rua da Ladeira;PESO E VALES DO RIO;963
Travessa da Rua de Santo António;PESO E VALES DO RIO;964
Travessa da Rua Direita;PESO E VALES DO RIO;965
Travessa da Rua do Regato;PESO E VALES DO RIO;966
Travessa da Rua Nova;PESO E VALES DO RIO;967
Travessa das Pereiras;PESO E VALES DO RIO;968
Travessa de São João;PESO E VALES DO RIO;969
Travessa do Jogo da Bola;PESO E VALES DO RIO;970
Travessa do Terreiro;PESO E VALES DO RIO;971
Acesso a Estacionamento/ Garagens;SÃO JORGE DA BEIRA;972
Acesso a propriedade;SÃO JORGE DA BEIRA;973
Acesso a propriedade agrícola/florestal;SÃO JORGE DA BEIRA;974
Bairro dos Torgais;SÃO JORGE DA BEIRA;975
Estrada Municipal 1374;SÃO JORGE DA BEIRA;976
Estrada Municipal 512;SÃO JORGE DA BEIRA;977
Largo da Amoreira;SÃO JORGE DA BEIRA;978
Largo do Terreiro;SÃO JORGE DA BEIRA;979
Rua Bairro dos Torgais;SÃO JORGE DA BEIRA;980
Rua da Costa;SÃO JORGE DA BEIRA;981
Rua da Fonte;SÃO JORGE DA BEIRA;982
Rua da Ponte;SÃO JORGE DA BEIRA;983
Rua da Tapada;SÃO JORGE DA BEIRA;984
Rua das Escolas;SÃO JORGE DA BEIRA;985
Rua Direita;SÃO JORGE DA BEIRA;986
Rua Direita do Pombal;SÃO JORGE DA BEIRA;987
Rua do Bairro do Pombal;SÃO JORGE DA BEIRA;988
Rua do Bairro dos Torgais;SÃO JORGE DA BEIRA;989
Rua do Cemitério;SÃO JORGE DA BEIRA;990
Rua do Corredouro;SÃO JORGE DA BEIRA;991
Rua do Forno;SÃO JORGE DA BEIRA;992
Rua do Porto;SÃO JORGE DA BEIRA;993
Rua do Quebra Costas;SÃO JORGE DA BEIRA;994
Rua do Tornadouro;SÃO JORGE DA BEIRA;995
Rua dos Castanheiros;SÃO JORGE DA BEIRA;996
Rua Nossa Senhora da Guia;SÃO JORGE DA BEIRA;997
Rua Nossa Senhora de Fátima;SÃO JORGE DA BEIRA;998
Rua Nova da Igreja;SÃO JORGE DA BEIRA;999
Travessa da Rua do Quebra Costas;SÃO JORGE DA BEIRA;1000
Acesso a propriedade agrícola/florestal;SOBRAL DE SÃO MIGUEL;1001
Bairro do Caratão;SOBRAL DE SÃO MIGUEL;1002
Estrada do Campo da Bola;SOBRAL DE SÃO MIGUEL;1003
Estrada Municipal 511;SOBRAL DE SÃO MIGUEL;1004
Rua da Lage;SOBRAL DE SÃO MIGUEL;1005
Rua da Marrada;SOBRAL DE SÃO MIGUEL;1006
Rua da Ponte;SOBRAL DE SÃO MIGUEL;1007
Rua da Portela;SOBRAL DE SÃO MIGUEL;1008
Rua da Quelha do Vale;SOBRAL DE SÃO MIGUEL;1009
Rua da Vinha;SOBRAL DE SÃO MIGUEL;1010
Rua das Ladeiras;SOBRAL DE SÃO MIGUEL;1011
Rua do Adro;SOBRAL DE SÃO MIGUEL;1012
Rua do Bairro da Carrasqueira;SOBRAL DE SÃO MIGUEL;1013
Rua do Bairro da Eira;SOBRAL DE SÃO MIGUEL;1014
Rua do Barreiro;SOBRAL DE SÃO MIGUEL;1015
Rua do Fundo do Lugar;SOBRAL DE SÃO MIGUEL;1016
Rua do Outeiro;SOBRAL DE SÃO MIGUEL;1017
Rua do Ribeiro;SOBRAL DE SÃO MIGUEL;1018
Rua do Vale;SOBRAL DE SÃO MIGUEL;1019
Rua do Vale da Cavada;SOBRAL DE SÃO MIGUEL;1020
Rua dos Sobreiros;SOBRAL DE SÃO MIGUEL;1021
Rua Padre Jaime Pinto Pereira;SOBRAL DE SÃO MIGUEL;1022
Travessa do Barreiro;SOBRAL DE SÃO MIGUEL;1023
A23 - Autoestrada da Beira Interior;TEIXOSO E SARZEDO;1024
Acesso a EN18;TEIXOSO E SARZEDO;1025
Acesso a propriedade agrícola/florestal;TEIXOSO E SARZEDO;1026
Avenida 25 de Abril;TEIXOSO E SARZEDO;1027
Avenida 8 de Março;TEIXOSO E SARZEDO;1028
Avenida de São Salvador;TEIXOSO E SARZEDO;1029
Avenida Maia Campos;TEIXOSO E SARZEDO;1030
Caminho da Ribeira dos Poucos;TEIXOSO E SARZEDO;1031
CM 1014;TEIXOSO E SARZEDO;1032
Complexo Habitacional das Nogueiras;TEIXOSO E SARZEDO;1033
Eixo Teixoso-Covilhã-Tortosendo;TEIXOSO E SARZEDO;1034
Estrada de Teixoso a Vila do Carvalho;TEIXOSO E SARZEDO;1035
Estrada do Chão da Vila;TEIXOSO E SARZEDO;1036
Estrada do Terlamente;TEIXOSO E SARZEDO;1037
Estrada Municipal 501;TEIXOSO E SARZEDO;1038
Estrada Nacional 18;TEIXOSO E SARZEDO;1039
Estrada Nacional 18-3;TEIXOSO E SARZEDO;1040
Largo de Santo António;TEIXOSO E SARZEDO;1041
Quinta da Ponte Terra;TEIXOSO E SARZEDO;1042
Rotunda;TEIXOSO E SARZEDO;1043
Rua 5 de Outubro;TEIXOSO E SARZEDO;1044
Rua António Pina Calado;TEIXOSO E SARZEDO;1045
Rua Artur Oliveira Cardoso;TEIXOSO E SARZEDO;1046
Rua Canto das Escolas;TEIXOSO E SARZEDO;1047
Rua Capitães de Abril;TEIXOSO E SARZEDO;1048
Rua Conceição Pina Calado;TEIXOSO E SARZEDO;1049
Rua Cruz do Cabeço;TEIXOSO E SARZEDO;1050
Rua da Amargura;TEIXOSO E SARZEDO;1051
Rua da Camara;TEIXOSO E SARZEDO;1052
Rua da Estrada Nova;TEIXOSO E SARZEDO;1053
Rua da Fonte da Quelha;TEIXOSO E SARZEDO;1054
Rua da Fonte do Fundo;TEIXOSO E SARZEDO;1055
Rua da Infesta;TEIXOSO E SARZEDO;1056
Rua da Nossa Senhora do Carmo;TEIXOSO E SARZEDO;1057
Rua da Palmeira;TEIXOSO E SARZEDO;1058
Rua da Praça;TEIXOSO E SARZEDO;1059
Rua da República;TEIXOSO E SARZEDO;1060
Rua da Restauração;TEIXOSO E SARZEDO;1061
Rua da Serra;TEIXOSO E SARZEDO;1062
Rua da Várzea;TEIXOSO E SARZEDO;1063
Rua das Amoreiras;TEIXOSO E SARZEDO;1064
Rua das Mimosas;TEIXOSO E SARZEDO;1065
Rua das Moitinhas;TEIXOSO E SARZEDO;1066
Rua de Aljubarrota;TEIXOSO E SARZEDO;1067
Rua de Santo António;TEIXOSO E SARZEDO;1068
Rua de São Marco;TEIXOSO E SARZEDO;1069
Rua de São Pedro;TEIXOSO E SARZEDO;1070
Rua Direita;TEIXOSO E SARZEDO;1071
Rua do Campo da Bola;TEIXOSO E SARZEDO;1072
Rua do Emigrante;TEIXOSO E SARZEDO;1073
Rua do Espirito Santo;TEIXOSO E SARZEDO;1074
Rua do Infantário;TEIXOSO E SARZEDO;1075
Rua do Passal;TEIXOSO E SARZEDO;1076
Rua do Pinhal;TEIXOSO E SARZEDO;1077
Rua do Pio;TEIXOSO E SARZEDO;1078
Rua do Pisco;TEIXOSO E SARZEDO;1079
Rua do Quebra Costa;TEIXOSO E SARZEDO;1080
Rua do Rio Zêzere;TEIXOSO E SARZEDO;1081
Rua do Terreiro;TEIXOSO E SARZEDO;1082
Rua do Tesouro;TEIXOSO E SARZEDO;1083
Rua Dona Felismina Campos Gomes;TEIXOSO E SARZEDO;1084
Rua dos Olivais;TEIXOSO E SARZEDO;1085
Rua dos Pomares;TEIXOSO E SARZEDO;1086
Rua dos Teixos;TEIXOSO E SARZEDO;1087
Rua Dr. António Oliveira e Filho;TEIXOSO E SARZEDO;1088
Rua Dr. Carlos Coelho;TEIXOSO E SARZEDO;1089
Rua Dr. Francisco Garrett;TEIXOSO E SARZEDO;1090
Rua Gago Coutinho;TEIXOSO E SARZEDO;1091
Rua General Carmona;TEIXOSO E SARZEDO;1092
Rua João de Deus;TEIXOSO E SARZEDO;1093
Rua Luís do Vale;TEIXOSO E SARZEDO;1094
Rua Manuel Alçada Padez;TEIXOSO E SARZEDO;1095
Rua Nossa Senhora de Fátima;TEIXOSO E SARZEDO;1096
Rua Nova da Chandeira;TEIXOSO E SARZEDO;1097
Rua Nuno Alvares;TEIXOSO E SARZEDO;1098
Rua Primeiro de Dezembro;TEIXOSO E SARZEDO;1099
Rua Prof. Horácio das Neves;TEIXOSO E SARZEDO;1100
Rua Prof. Filomena Alves Ribeiro;TEIXOSO E SARZEDO;1101
Rua Senhora dos Verdes;TEIXOSO E SARZEDO;1102
Transversal Primeira da Rua do Pisco;TEIXOSO E SARZEDO;1103
Travessa da Fonte Velha;TEIXOSO E SARZEDO;1104
Travessa da Várzea;TEIXOSO E SARZEDO;1105
Travessa de São Marco;TEIXOSO E SARZEDO;1106
Travessa dos Teixos;TEIXOSO E SARZEDO;1107
Travessa Primeira da Rua das Amoreiras;TEIXOSO E SARZEDO;1108
Travessa Segunda da Rua das Amoreiras;TEIXOSO E SARZEDO;1109
Travessa Terceira da Rua das Amoreiras;TEIXOSO E SARZEDO;1110
Acesso a Estacionamento/ Garagens;TORTOSENDO;1111
Acesso a propriedade agrícola/florestal;TORTOSENDO;1112
Acesso a Urbanização do Belo Zêzere;TORTOSENDO;1113
Acesso A23;TORTOSENDO;1114
Acesso ao Cemitério;TORTOSENDO;1115
Acesso Estrada Nacional 18;TORTOSENDO;1116
Avenida 5 de Outubro;TORTOSENDO;1117
Avenida Almeida Garrett;TORTOSENDO;1118
Avenida de São Tiago;TORTOSENDO;1119
Avenida Montes Hermínios;TORTOSENDO;1120
Avenida Viriato;TORTOSENDO;1121
Avenida Viriato - Estrada Nacional 230;TORTOSENDO;1122
Eixo Teixoso-Covilhã-Tortosendo;TORTOSENDO;1123
Estrada da Ladeirinha;TORTOSENDO;1124
Estrada Municipal 513;TORTOSENDO;1125
Estrada Nacional 18;TORTOSENDO;1126
Estrada Nacional 18-4;TORTOSENDO;1127
Estrada Nacional 230;TORTOSENDO;1128
Largo do Calvário;TORTOSENDO;1129
Loteamento Quinta da Claraboia;TORTOSENDO;1130
Parque Industrial do Tortosendo;TORTOSENDO;1131
Ponte Pedrinha;TORTOSENDO;1132
Quinta Maiorais de Cima;TORTOSENDO;1133
Rua 25 de Abril;TORTOSENDO;1134
Rua A - Urbanização Bela Vista;TORTOSENDO;1135
Rua B - Urbanização Bela Vista;TORTOSENDO;1136
Rua da Amoreira;TORTOSENDO;1137
Rua da Calçada;TORTOSENDO;1138
Rua da Fonte;TORTOSENDO;1139
Rua da Fonte da Cal;TORTOSENDO;1140
Rua da Fonte Fria de Cima;TORTOSENDO;1141
Rua da Indústria de Lanifícios;TORTOSENDO;1142
Rua da Machedes;TORTOSENDO;1143
Rua da Morgada;TORTOSENDO;1144
Rua da Nossa Senhora do Rosário;TORTOSENDO;1145
Rua da Nossa Senhora dos Remédios;TORTOSENDO;1146
Rua da Quinta da Estremilda;TORTOSENDO;1147
Rua das Lajes;TORTOSENDO;1148
Rua das Machedes Debaixo;TORTOSENDO;1149
Rua de São José Operário;TORTOSENDO;1150
Rua Direita;TORTOSENDO;1151
Rua do Bairro da Ladeirinha;TORTOSENDO;1152
Rua do Bairro dos Maiorais;TORTOSENDO;1153
Rua do Cabeço;TORTOSENDO;1154
Rua do Cabo da Aldeia;TORTOSENDO;1155
Rua do Calvário;TORTOSENDO;1156
Rua do Campo;TORTOSENDO;1157
Rua do Carvalhal;TORTOSENDO;1158
Rua do Cimo;TORTOSENDO;1159
Rua do Comercio;TORTOSENDO;1160
Rua do Pombal;TORTOSENDO;1161
Rua do Quintal;TORTOSENDO;1162
Rua do Ribeirinho;TORTOSENDO;1163
Rua do Sitio da Parede;TORTOSENDO;1164
Rua do Sitio da Pousada;TORTOSENDO;1165
Rua do Souto Escuro;TORTOSENDO;1166
Rua Dona Maria do Rosário Tavares Proença;TORTOSENDO;1167
Rua dos Loureiros;TORTOSENDO;1168
Rua dos Machedes de Cima;TORTOSENDO;1169
Rua Doutor Boavista Castelo Branco;TORTOSENDO;1170
Rua Engenheiro Duarte Pacheco;TORTOSENDO;1171
Rua Escada do Duque;TORTOSENDO;1172
Rua José Ary dos Santos;TORTOSENDO;1173
Rua Nova do Souto;TORTOSENDO;1174
Rua Nova dos Olivais;TORTOSENDO;1175
Rua Principal B;TORTOSENDO;1176
Rua Principal da Urbanização Bela Vista;TORTOSENDO;1177
Rua Quinta da Guerra;TORTOSENDO;1178
Rua Quinta da Pera Longa;TORTOSENDO;1179
Rua Senhora dos Prazeres;TORTOSENDO;1180
Rua Unidos Futebol Clube;TORTOSENDO;1181
Sítio da Parede do Guerra;TORTOSENDO;1182
Sitio das Courelas;TORTOSENDO;1183
Travessa das Fabricas;TORTOSENDO;1184
Travessa de São José Operário;TORTOSENDO;1185
Travessa de São Tiago;TORTOSENDO;1186
Travessa do Cabeço;TORTOSENDO;1187
Travessa do Carvalhal;TORTOSENDO;1188
Urbanização do Belo Zêzere;TORTOSENDO;1189
Urbanização do Belo Zêzere Rua A;TORTOSENDO;1190
Urbanização do Belo Zêzere Rua B;TORTOSENDO;1191
Urbanização do Belo Zêzere Rua C;TORTOSENDO;1192
Urbanização do Belo Zêzere Rua D;TORTOSENDO;1193
Urbanização do Belo Zêzere Rua E;TORTOSENDO;1194
Urbanização do Belo Zêzere Rua F;TORTOSENDO;1195
Urbanização do Belo Zêzere Rua G;TORTOSENDO;1196
Urbanização do Belo Zêzere Rua H;TORTOSENDO;1197
Urbanização do Belo Zêzere Rua I;TORTOSENDO;1198
Acesso a ETAR;UNHAIS DA SERRA;1199
Acesso a propriedade agrícola/florestal;UNHAIS DA SERRA;1200
Acesso H2O Hotel;UNHAIS DA SERRA;1201
Avenida da Nossa Senhora da Saúde;UNHAIS DA SERRA;1202
Avenida das Termas;UNHAIS DA SERRA;1203
Avenida Primeiro de Maio;UNHAIS DA SERRA;1204
Canada dos Pastores;UNHAIS DA SERRA;1205
Escadarias do Forno;UNHAIS DA SERRA;1206
Estrada da Torre;UNHAIS DA SERRA;1207
Estrada Nacional 339;UNHAIS DA SERRA;1208
Largo 11 de Julho;UNHAIS DA SERRA;1209
Nave de Santo António;UNHAIS DA SERRA;1210
Rua 25 de Abril;UNHAIS DA SERRA;1211
Rua Conde da Covilhã;UNHAIS DA SERRA;1212
Rua da Achada;UNHAIS DA SERRA;1213
Rua da Belavista;UNHAIS DA SERRA;1214
Rua da Fonte;UNHAIS DA SERRA;1215
Rua da Junta de Freguesia;UNHAIS DA SERRA;1216
Rua da Leveda;UNHAIS DA SERRA;1217
Rua da Risca;UNHAIS DA SERRA;1218
Rua das Moutas;UNHAIS DA SERRA;1219
Rua do Bairro Cabeço do Ponto;UNHAIS DA SERRA;1220
Rua do Bairro da Assomada;UNHAIS DA SERRA;1221
Rua do Bairro da Bruxinha;UNHAIS DA SERRA;1222
Rua do Bairro da Terra da Senhora;UNHAIS DA SERRA;1223
Rua do Bairro de São José;UNHAIS DA SERRA;1224
Rua do Bairro dos Barreiros;UNHAIS DA SERRA;1225
Rua do Padre Alfredo dos Santos Marques;UNHAIS DA SERRA;1226
Rua do Porto da Eira;UNHAIS DA SERRA;1227
Rua do Ribeiro;UNHAIS DA SERRA;1228
Rua do Santo Aleixo;UNHAIS DA SERRA;1229
Rua Doutor Amândio M. Leitão;UNHAIS DA SERRA;1230
Rua Fernando J. G. Braga;UNHAIS DA SERRA;1231
Transversal a Estrada Nacional 339;UNHAIS DA SERRA;1232
Via Romana;UNHAIS DA SERRA;1233
Acesso a propriedade agrícola/florestal;VERDELHOS;1234
Beco do Vale;VERDELHOS;1235
Estrada Municipal 501;VERDELHOS;1236
Largo da Boavista;VERDELHOS;1237
Largo da Nossa Senhora do Rosario;VERDELHOS;1238
Largo de Santo António;VERDELHOS;1239
Largo do Terreiro;VERDELHOS;1240
Largo dos Combatentes;VERDELHOS;1241
Largo se Santo António;VERDELHOS;1242
Rua da Amoreira;VERDELHOS;1243
Rua da Boavista;VERDELHOS;1244
Rua da Escola;VERDELHOS;1245
Rua da Fonte;VERDELHOS;1246
Rua da Fonte 25 de Agosto;VERDELHOS;1247
Rua da Pedreira;VERDELHOS;1248
Rua da Ponte;VERDELHOS;1249
Rua da Santa Rainha;VERDELHOS;1250
Rua das Almas;VERDELHOS;1251
Rua das Frabais;VERDELHOS;1252
Rua Direita;VERDELHOS;1253
Rua Direita da Burralheira;VERDELHOS;1254
Rua do Bairro da Rainho Santa Isabel;VERDELHOS;1255
Rua do Carril;VERDELHOS;1256
Rua do Forno;VERDELHOS;1257
Rua do Outeiro;VERDELHOS;1258
Rua do Vale;VERDELHOS;1259
Rua Padre António Lucas de Oliveira;VERDELHOS;1260
Rua Primeiro de Dezembro;VERDELHOS;1261
Sítio do Vale;VERDELHOS;1262
Transversal a estrada M501;VERDELHOS;1263
Travessa da Rua Direita;VERDELHOS;1264
Travessa dos 5;VERDELHOS;1265
